<?xml version="1.0" encoding="UTF-8"?>
<project-private xmlns="http://www.netbeans.org/ns/project-private/1">
    <editor-bookmarks xmlns="http://www.netbeans.org/ns/editor-bookmarks/2" lastBookmarkId="0"/>
    <open-files xmlns="http://www.netbeans.org/ns/projectui-open-files/2">
        <group>
            <file>file:/C:/Users/user/Documents/NetBeansProjects/proyecto_final/src/proyecto_final/frm_calculadora.java</file>
            <file>file:/C:/Users/user/Documents/NetBeansProjects/proyecto_final/src/presentacion/frm_cliente.java</file>
            <file>file:/C:/Users/user/Documents/NetBeansProjects/proyecto_final/src/presentacion/frm_loginrentacar.java</file>
            <file>file:/C:/Users/user/Documents/NetBeansProjects/proyecto_final/src/presentacion/frm_Arreglos_vh.java</file>
            <file>file:/C:/Users/user/Documents/NetBeansProjects/proyecto_final/src/reporte/rpt_Arreglos_vhc.jrxml</file>
        </group>
    </open-files>
</project-private>
